use tourdb;

DELETE FROM MemberNumbering;
DELETE FROM Destination;
DELETE FROM City;
DELETE FROM Airport;
DELETE FROM Category;
DELETE FROM Member;
DELETE FROM HotelMaster;
DELETE FROM Hotel;
DELETE FROM FlightMaster;
DELETE FROM Flight;
DELETE FROM TourMaster;
DELETE FROM Tour;
DELETE FROM OrderMaster;
DELETE FROM OrderDetail;

##①MemberNumberingテーブル　データ追加
INSERT INTO MemberNumbering VALUES(11);

##②Destinationテーブル　データ追加
insert into Destination values ('01','北海道');
insert into Destination values ('02','東北');
insert into Destination values ('03','関東');
insert into Destination values ('04','中部');
insert into Destination values ('05','近畿');
insert into Destination values ('06','四国');
insert into Destination values ('07','九州');
insert into Destination values ('08','沖縄');

##③Cityテーブル　データ追加
insert into City values ('01','札幌');
insert into City values ('02','旭川');
insert into City values ('03','函館');
insert into City values ('04','福岡');
insert into City values ('05','鹿児島');
insert into City values ('06','那覇');

##④Airportテーブル　データ追加
insert into Airport values ('AKJ','旭川空港');
insert into Airport values ('CTS','新千歳空港');
insert into Airport values ('FUK','福岡空港');
insert into Airport values ('HKD','函館空港');
insert into Airport values ('HND','羽田空港');
insert into Airport values ('KOJ','鹿児島空港');
insert into Airport values ('OKA','那覇空港');
insert into Airport values ('SHM','南紀白浜空');

##⑤Categoryテーブル　データ追加
insert into Category values (1,'HTL','ホテル');
insert into Category values (2,'TOR','ツアー');
insert into Category values (3,'FLY','航空便');

##⑥Memberテーブル　データ追加
insert into Member values('000543210','古田誠','pwd','Employee','furuta.makoto@flmtours.co.jp',NULL,NULL,NULL,NULL);
insert into Member values('000543211','大島義彦','pwd','Employee','ooshima.yoshihiko@flmtours.co.jp',NULL,NULL,NULL,NULL);
insert into Member values('000543212','高岡紫','pwd','Employee','takaoka.murasaki@flmtours.co.jp',NULL,NULL,NULL,NULL);
insert into Member values('000543213','窓辺あかり','pwd','Employee','akari.madobe@flmtours.co.jp',NULL,NULL,NULL,NULL);
insert into Member values('000543214','宮田隆一','pwd','Employee','miyata@flmtours.co.jp',NULL,NULL,NULL,NULL);
insert into Member values('CM0000001','佐藤ハナコ','pass','Customer','hanako@aaa.com','108-6112','東京都','港区港南','03-3333-1234');
insert into Member values('CM0000002','鈴木イチロウ','pass','Customer','1low@mephone.org','108-6112','東京都','港区港南','03-3334-4455');
insert into Member values('CM0000003','加藤清志','pass','Customer','kato.kiyoshi@aaa.ne.jp','168-0082','東京都','杉並区久我山','03-9876-5432');
insert into Member values('CM0000004','鈴木和人','pass','Customer','suzuki.kazu@mephone.org','170-0011','東京都','豊島区池袋','03-1111-2222');
insert into Member values('CM0000005','高橋亜紀','pass','Customer','takaaki@aaa.com','146-0083','東京都','大田区千鳥','090-1111-2222');
insert into Member values('CM0000006','田中咲子','pass','Customer','sakiko@aabbcc.co.jp','350-1100','埼玉県','川越市','090-4444-5555');
insert into Member values('CM0000007','渡辺純也','pass','Customer','jwatanabe@aaa.ne.jp','142-0041','東京都','品川区戸越','070-1111-2222');
insert into Member values('CM0000008','伊藤正道','pass','Customer','itomasa@abcde.ne.jp','178-0062','東京都','練馬区大泉町','080-3333-9999');
insert into Member values('CM0000009','中村健二','pass','Customer','nakamu@mephone.org','158-0097','東京都','世田谷区用賀','03-4321-8765');
insert into Member values('CM0000010','小林郁子','pass','Customer','kobapan@aaa.com','225-0011','神奈川県','横浜市青葉区あざみ野','045-123-456');
insert into Member values('CM0000011','斉藤学','pass','Customer','sightow@aaabbbccc.ne.jp','216-0004','神奈川県','川崎市宮前区鷺沼','070-9876-5432');

##⑦HotelMasterテーブル　データ追加
insert into HotelMaster values ( 'FKO001','福岡プリンセスホテル','04','5',15000);
insert into HotelMaster values ( 'FKO002','アサトン タワーホテル 博多','04','5',15000);

##⑧Hotelテーブル　データ追加
insert into Hotel values ('HTL000110','FKO001','2022-04-20',15000,15);
insert into Hotel values ('HTL000111','FKO001','2022-04-21',15000,15);
insert into Hotel values ('HTL000112','FKO001','2022-04-22',15000,15);
insert into Hotel values ('HTL000113','FKO001','2022-04-23',15000,15);
insert into Hotel values ('HTL000114','FKO001','2022-04-24',15000,15);
insert into Hotel values ('HTL000115','FKO001','2022-04-25',15000,15);
insert into Hotel values ('HTL000116','FKO001','2022-04-26',15000,15);
insert into Hotel values ('HTL000117','FKO001','2022-04-27',15000,15);
insert into Hotel values ('HTL000118','FKO001','2022-04-28',15000,15);
insert into Hotel values ('HTL000119','FKO001','2022-04-29',15000,15);
insert into Hotel values ('HTL000120','FKO001','2022-04-30',15000,15);
insert into Hotel values ('HTL000121','FKO001','2022-05-01',15000,15);
insert into Hotel values ('HTL000122','FKO001','2022-05-02',15000,15);
insert into Hotel values ('HTL000123','FKO001','2022-05-03',15000,15);
insert into Hotel values ('HTL000124','FKO001','2022-05-04',15000,15);
insert into Hotel values ('HTL000125','FKO001','2022-05-05',15000,15);
insert into Hotel values ('HTL000126','FKO001','2022-05-06',15000,15);
insert into Hotel values ('HTL000127','FKO001','2022-05-07',15000,15);
insert into Hotel values ('HTL000128','FKO001','2022-05-08',15000,15);
insert into Hotel values ('HTL000129','FKO001','2022-05-09',15000,15);
insert into Hotel values ('HTL000130','FKO001','2022-05-10',15000,15);
insert into Hotel values ('HTL000131','FKO001','2022-05-11',15000,15);
insert into Hotel values ('HTL000132','FKO001','2022-05-12',15000,15);
insert into Hotel values ('HTL000133','FKO001','2022-05-13',15000,15);
insert into Hotel values ('HTL000134','FKO001','2022-05-14',15000,15);
insert into Hotel values ('HTL000135','FKO001','2022-05-15',15000,15);
insert into Hotel values ('HTL000136','FKO001','2022-05-16',15000,15);
insert into Hotel values ('HTL000137','FKO001','2022-05-17',15000,15);
insert into Hotel values ('HTL000138','FKO001','2022-05-18',15000,15);
insert into Hotel values ('HTL000139','FKO001','2022-05-19',15000,15);
insert into Hotel values ('HTL000140','FKO001','2022-05-20',15000,15);
insert into Hotel values ('HTL000141','FKO001','2022-05-21',15000,15);
insert into Hotel values ('HTL000142','FKO001','2022-05-22',15000,15);
insert into Hotel values ('HTL000143','FKO001','2022-05-23',15000,15);
insert into Hotel values ('HTL000144','FKO001','2022-05-24',15000,15);
insert into Hotel values ('HTL000145','FKO001','2022-05-25',15000,15);
insert into Hotel values ('HTL000146','FKO001','2022-05-26',15000,15);
insert into Hotel values ('HTL000147','FKO001','2022-05-27',15000,15);
insert into Hotel values ('HTL000148','FKO001','2022-05-28',15000,15);
insert into Hotel values ('HTL000149','FKO001','2022-05-29',15000,15);
insert into Hotel values ('HTL000150','FKO001','2022-05-30',15000,15);
insert into Hotel values ('HTL000151','FKO001','2022-05-31',15000,15);
insert into Hotel values ('HTL000152','FKO001','2022-06-01',15000,15);
insert into Hotel values ('HTL000153','FKO001','2022-06-02',15000,15);
insert into Hotel values ('HTL000154','FKO001','2022-06-03',15000,15);
insert into Hotel values ('HTL000155','FKO001','2022-06-04',15000,15);
insert into Hotel values ('HTL000156','FKO001','2022-06-05',15000,15);
insert into Hotel values ('HTL000157','FKO001','2022-06-06',15000,15);
insert into Hotel values ('HTL000158','FKO001','2022-06-07',15000,15);
insert into Hotel values ('HTL000159','FKO001','2022-06-08',15000,15);
insert into Hotel values ('HTL000160','FKO001','2022-06-09',15000,15);
insert into Hotel values ('HTL000161','FKO001','2022-06-10',15000,15);
insert into Hotel values ('HTL000162','FKO001','2022-06-11',15000,15);
insert into Hotel values ('HTL000163','FKO001','2022-06-12',15000,15);
insert into Hotel values ('HTL000164','FKO001','2022-06-13',15000,15);
insert into Hotel values ('HTL000165','FKO001','2022-06-14',15000,15);
insert into Hotel values ('HTL000166','FKO001','2022-06-15',15000,15);
insert into Hotel values ('HTL000167','FKO001','2022-06-16',15000,15);
insert into Hotel values ('HTL000168','FKO001','2022-06-17',15000,15);
insert into Hotel values ('HTL000169','FKO001','2022-06-18',15000,15);
insert into Hotel values ('HTL000170','FKO001','2022-06-19',15000,15);
insert into Hotel values ('HTL000171','FKO001','2022-06-20',15000,15);
insert into Hotel values ('HTL000172','FKO001','2022-06-21',15000,15);
insert into Hotel values ('HTL000173','FKO001','2022-06-22',15000,15);
insert into Hotel values ('HTL000174','FKO001','2022-06-23',15000,15);
insert into Hotel values ('HTL000175','FKO001','2022-06-24',15000,15);
insert into Hotel values ('HTL000176','FKO001','2022-06-25',15000,15);
insert into Hotel values ('HTL000177','FKO001','2022-06-26',15000,15);
insert into Hotel values ('HTL000178','FKO001','2022-06-27',15000,15);
insert into Hotel values ('HTL000179','FKO001','2022-06-28',15000,15);
insert into Hotel values ('HTL000180','FKO001','2022-06-29',15000,15);
insert into Hotel values ('HTL000181','FKO001','2022-06-30',15000,15);
insert into Hotel values ('HTL000182','FKO001','2022-07-01',15000,15);
insert into Hotel values ('HTL000183','FKO001','2022-07-02',15000,15);
insert into Hotel values ('HTL000184','FKO001','2022-07-03',15000,15);
insert into Hotel values ('HTL000185','FKO001','2022-07-04',15000,15);
insert into Hotel values ('HTL000186','FKO001','2022-07-05',15000,15);
insert into Hotel values ('HTL000187','FKO001','2022-07-06',15000,15);
insert into Hotel values ('HTL000188','FKO001','2022-07-07',15000,15);
insert into Hotel values ('HTL000189','FKO001','2022-07-08',15000,15);
insert into Hotel values ('HTL000190','FKO001','2022-07-09',15000,15);
insert into Hotel values ('HTL000191','FKO001','2022-07-10',15000,15);
insert into Hotel values ('HTL000192','FKO001','2022-07-11',15000,15);
insert into Hotel values ('HTL000193','FKO001','2022-07-12',15000,15);
insert into Hotel values ('HTL000194','FKO001','2022-07-13',15000,15);
insert into Hotel values ('HTL000195','FKO001','2022-07-14',15000,15);
insert into Hotel values ('HTL000196','FKO001','2022-07-15',15000,15);
insert into Hotel values ('HTL000197','FKO001','2022-07-16',15000,15);
insert into Hotel values ('HTL000198','FKO001','2022-07-17',15000,15);
insert into Hotel values ('HTL000199','FKO001','2022-07-18',15000,15);
insert into Hotel values ('HTL000200','FKO001','2022-07-19',15000,15);
insert into Hotel values ('HTL000201','FKO001','2022-07-20',15000,15);
insert into Hotel values ('HTL000202','FKO001','2022-07-21',15000,15);
insert into Hotel values ('HTL000203','FKO001','2022-07-22',15000,15);
insert into Hotel values ('HTL000204','FKO001','2022-07-23',15000,15);
insert into Hotel values ('HTL000205','FKO001','2022-07-24',15000,15);
insert into Hotel values ('HTL000206','FKO001','2022-07-25',15000,15);
insert into Hotel values ('HTL000207','FKO001','2022-07-26',15000,15);
insert into Hotel values ('HTL000208','FKO001','2022-07-27',15000,15);
insert into Hotel values ('HTL000209','FKO001','2022-07-28',15000,15);
insert into Hotel values ('HTL000210','FKO001','2022-07-29',15000,15);
insert into Hotel values ('HTL000211','FKO001','2022-07-30',15000,15);
insert into Hotel values ('HTL000212','FKO001','2022-07-31',15000,15);
insert into Hotel values ('HTL000213','FKO001','2022-08-01',15000,15);
insert into Hotel values ('HTL000214','FKO001','2022-08-02',15000,15);
insert into Hotel values ('HTL000215','FKO001','2022-08-03',15000,15);
insert into Hotel values ('HTL000216','FKO001','2022-08-04',15000,15);
insert into Hotel values ('HTL000217','FKO001','2022-08-05',15000,15);
insert into Hotel values ('HTL000218','FKO001','2022-08-06',15000,15);
insert into Hotel values ('HTL000219','FKO001','2022-08-07',15000,15);
insert into Hotel values ('HTL000220','FKO001','2022-08-08',15000,15);
insert into Hotel values ('HTL000221','FKO001','2022-08-09',15000,15);
insert into Hotel values ('HTL000222','FKO001','2022-08-10',15000,15);
insert into Hotel values ('HTL000223','FKO001','2022-08-11',15000,15);
insert into Hotel values ('HTL000224','FKO001','2022-08-12',15000,15);
insert into Hotel values ('HTL000225','FKO001','2022-08-13',15000,15);
insert into Hotel values ('HTL000226','FKO001','2022-08-14',15000,15);
insert into Hotel values ('HTL000227','FKO001','2022-08-15',15000,15);
insert into Hotel values ('HTL000228','FKO001','2022-08-16',15000,15);
insert into Hotel values ('HTL000229','FKO001','2022-08-17',15000,15);
insert into Hotel values ('HTL000230','FKO001','2022-08-18',15000,15);
insert into Hotel values ('HTL000231','FKO001','2022-08-19',15000,15);
insert into Hotel values ('HTL000232','FKO001','2022-08-20',15000,15);
insert into Hotel values ('HTL000233','FKO001','2022-08-21',15000,15);
insert into Hotel values ('HTL000234','FKO001','2022-08-22',15000,15);
insert into Hotel values ('HTL000235','FKO001','2022-08-23',15000,15);
insert into Hotel values ('HTL000236','FKO001','2022-08-24',15000,15);
insert into Hotel values ('HTL000237','FKO001','2022-08-25',15000,15);
insert into Hotel values ('HTL000238','FKO001','2022-08-26',15000,15);
insert into Hotel values ('HTL000239','FKO001','2022-08-27',15000,15);
insert into Hotel values ('HTL000240','FKO001','2022-08-28',15000,15);
insert into Hotel values ('HTL000241','FKO001','2022-08-29',15000,15);
insert into Hotel values ('HTL000242','FKO001','2022-08-30',15000,15);
insert into Hotel values ('HTL000243','FKO001','2022-08-31',15000,15);

##⑨FlightMasterテーブル　データ追加
insert into FlightMaster values ('JAL305','08:10:00','10:10:00','HND','FUK',13000);
insert into FlightMaster values ('JAL322','16:00:00','17:30:00','FUK','HND',13000);
insert into FlightMaster values ('JAL324','17:00:00','18:30:00','FUK','HND',13000);
insert into FlightMaster values ('JAL332','20:00:00','21:30:00','FUK','HND',13000);

##⑩Flightテーブル　データ追加
insert into Flight values ('FLY000001','ADO013','2022-03-01',13000,15);
insert into Flight values ('FLY000357','JAL305','2022-05-03',13000,15);
insert into Flight values ('FLY000358','JAL305','2022-06-01',13000,15);
insert into Flight values ('FLY000359','JAL305','2022-07-02',13000,15);
insert into Flight values ('FLY000360','JAL305','2022-08-03',13000,15);
insert into Flight values ('FLY000387','JAL332','2022-05-06',13000,15);
insert into Flight values ('FLY000388','JAL332','2022-06-04',13000,15);
insert into Flight values ('FLY000389','JAL332','2022-07-05',13000,15);
insert into Flight values ('FLY000390','JAL332','2022-08-06',13000,15);

##⑪TourMasterテーブル　データ追加
insert into TourMaster values ('000001','イイ旅沖縄5つ星ホテルの旅','08',4,3,73800,'OKN001','JAL903','JAL916');
insert into TourMaster values ('000002','イイ旅九州5つ星ホテルの旅','07',4,3,65000,'FKO001','JAL305','JAL332');

##⑫Tourテーブル　データ追加
insert into Tour values ('TOR000019','000002','2022-05-03','65000','HTL000123','FLY000357','FLY000387',8);
insert into Tour values ('TOR000025','000002','2022-06-01','65000','HTL000152','FLY000358','FLY000388',8);
insert into Tour values ('TOR000027','000002','2022-07-02','65000','HTL000183','FLY000359','FLY000389',8);
insert into Tour values ('TOR000030','000002','2022-08-03','65000','HTL000215','FLY000360','FLY000390',8);

##⑬OrderMasterテーブル　データ追加
insert into OrderMaster(OrderDate,OrderTotal,MemberCode,Payment) values ('2022-01-01',331600,'CM0000001','1');
insert into OrderMaster(OrderDate,OrderTotal,MemberCode,Payment) values ('2022-01-02',150000,'CM0000002','1');
insert into OrderMaster(OrderDate,OrderTotal,MemberCode,Payment) values ('2022-01-03',130000,'CM0000003','1');
insert into OrderMaster(OrderDate,OrderTotal,MemberCode,Payment) values ('2022-01-04',331600,'CM0000004','1');
insert into OrderMaster(OrderDate,OrderTotal,MemberCode,Payment) values ('2022-01-05',150000,'CM0000005','1');
insert into OrderMaster(OrderDate,OrderTotal,MemberCode,Payment) values ('2022-02-01',130000,'CM0000001','1');
insert into OrderMaster(OrderDate,OrderTotal,MemberCode,Payment) values ('2022-02-02',331600,'CM0000002','1');
insert into OrderMaster(OrderDate,OrderTotal,MemberCode,Payment) values ('2022-02-03',130000,'CM0000003','1');
insert into OrderMaster(OrderDate,OrderTotal,MemberCode,Payment) values ('2022-02-04',130000,'CM0000004','1');
insert into OrderMaster(OrderDate,OrderTotal,MemberCode,Payment) values ('2022-02-05',130000,'CM0000005','1');
insert into OrderMaster(OrderDate,OrderTotal,MemberCode,Payment) values ('2022-03-01',130000,'CM0000001','1');
insert into OrderMaster(OrderDate,OrderTotal,MemberCode,Payment) values ('2022-03-02',130000,'CM0000002','1');
insert into OrderMaster(OrderDate,OrderTotal,MemberCode,Payment) values ('2022-03-03',304400,'CM0000003','1');
insert into OrderMaster(OrderDate,OrderTotal,MemberCode,Payment) values ('2022-03-04',304400,'CM0000004','1');
insert into OrderMaster(OrderDate,OrderTotal,MemberCode,Payment) values ('2022-03-05',304400,'CM0000005','1');

##⑭OrderDetailテーブル　データ追加
insert into OrderDetail values (1,'TOR000001','博多グルメ食べつくしツアー',25000,2);
insert into OrderDetail values (1,'TOR000002','博多フリープラン2泊3日の旅',23000,2);
insert into OrderDetail values (1,'TOR000003','イイ旅九州5つ星ホテルの旅',65000,2);
insert into OrderDetail values (1,'TOR000004','福岡 温泉でほっこりプラン',27800,2);
insert into OrderDetail values (1,'TOR000005','博多ロマンティックツアー',25000,2);
insert into OrderDetail values (2,'HTL000041','福岡プリンセスホテル',15000,2);
insert into OrderDetail values (2,'HTL000042','福岡プリンセスホテル',15000,2);
insert into OrderDetail values (2,'HTL000043','福岡プリンセスホテル',15000,2);
insert into OrderDetail values (2,'HTL000044','福岡プリンセスホテル',15000,2);
insert into OrderDetail values (2,'HTL000045','福岡プリンセスホテル',15000,2);
insert into OrderDetail values (3,'FLY000001','ADO013',13000,2);
insert into OrderDetail values (3,'FLY000002','ADO013',13000,2);
insert into OrderDetail values (3,'FLY000003','ADO013',13000,2);
insert into OrderDetail values (3,'FLY000004','ADO013',13000,2);
insert into OrderDetail values (3,'FLY000005','ADO013',13000,2);
insert into OrderDetail values (4,'TOR000001','博多グルメ食べつくしツアー',25000,2);
insert into OrderDetail values (4,'TOR000002','博多フリープラン2泊3日の旅',23000,2);
insert into OrderDetail values (4,'TOR000003','イイ旅九州5つ星ホテルの旅',65000,2);
insert into OrderDetail values (4,'TOR000004','福岡 温泉でほっこりプラン',27800,2);
insert into OrderDetail values (4,'TOR000005','博多ロマンティックツアー',25000,2);
insert into OrderDetail values (5,'HTL000041','福岡プリンセスホテル',15000,2);
insert into OrderDetail values (5,'HTL000042','福岡プリンセスホテル',15000,2);
insert into OrderDetail values (5,'HTL000043','福岡プリンセスホテル',15000,2);
insert into OrderDetail values (5,'HTL000044','福岡プリンセスホテル',15000,2);
insert into OrderDetail values (5,'HTL000045','福岡プリンセスホテル',15000,2);
insert into OrderDetail values (6,'FLY000001','ADO013',13000,2);
insert into OrderDetail values (6,'FLY000002','ADO013',13000,2);
insert into OrderDetail values (6,'FLY000003','ADO013',13000,2);
insert into OrderDetail values (6,'FLY000004','ADO013',13000,2);
insert into OrderDetail values (6,'FLY000005','ADO013',13000,2);
insert into OrderDetail values (7,'TOR000001','博多グルメ食べつくしツアー',25000,2);
insert into OrderDetail values (7,'TOR000002','博多フリープラン2泊3日の旅',23000,2);
insert into OrderDetail values (7,'TOR000003','イイ旅九州5つ星ホテルの旅',65000,2);
insert into OrderDetail values (7,'TOR000004','福岡 温泉でほっこりプラン',27800,2);
insert into OrderDetail values (7,'TOR000005','博多ロマンティックツアー',25000,2);
insert into OrderDetail values (8,'FLY000001','ADO013',13000,2);
insert into OrderDetail values (8,'FLY000002','ADO013',13000,2);
insert into OrderDetail values (8,'FLY000003','ADO013',13000,2);
insert into OrderDetail values (8,'FLY000004','ADO013',13000,2);
insert into OrderDetail values (8,'FLY000005','ADO013',13000,2);
insert into OrderDetail values (9,'FLY000001','ADO013',13000,2);
insert into OrderDetail values (9,'FLY000002','ADO013',13000,2);
insert into OrderDetail values (9,'FLY000003','ADO013',13000,2);
insert into OrderDetail values (9,'FLY000004','ADO013',13000,2);
insert into OrderDetail values (9,'FLY000005','ADO013',13000,2);
insert into OrderDetail values (10,'FLY000001','ADO013',13000,2);
insert into OrderDetail values (10,'FLY000002','ADO013',13000,2);
insert into OrderDetail values (10,'FLY000003','ADO013',13000,2);
insert into OrderDetail values (10,'FLY000004','ADO013',13000,2);
insert into OrderDetail values (10,'FLY000005','ADO013',13000,2);
insert into OrderDetail values (11,'FLY000001','ADO013',13000,2);
insert into OrderDetail values (11,'FLY000002','ADO013',13000,2);
insert into OrderDetail values (11,'FLY000003','ADO013',13000,2);
insert into OrderDetail values (11,'FLY000004','ADO013',13000,2);
insert into OrderDetail values (11,'FLY000005','ADO013',13000,2);
insert into OrderDetail values (12,'FLY000001','ADO013',13000,2);
insert into OrderDetail values (12,'FLY000002','ADO013',13000,2);
insert into OrderDetail values (12,'FLY000003','ADO013',13000,2);
insert into OrderDetail values (12,'FLY000004','ADO013',13000,2);
insert into OrderDetail values (12,'FLY000005','ADO013',13000,2);
insert into OrderDetail values (13,'TOR000010','博多グルメ食べつくしツアー',25000,2);
insert into OrderDetail values (13,'TOR000011','博多フリープラン2泊3日の旅',23000,2);
insert into OrderDetail values (13,'TOR000012','イイ旅九州5つ星ホテルの旅',65000,2);
insert into OrderDetail values (13,'TOR000013','博多出張応援パック',18200,2);
insert into OrderDetail values (13,'TOR000014','お部屋限定バリュープライス博多の旅',21000,2);
insert into OrderDetail values (14,'TOR000010','博多グルメ食べつくしツアー',25000,2);
insert into OrderDetail values (14,'TOR000011','博多フリープラン2泊3日の旅',23000,2);
insert into OrderDetail values (14,'TOR000012','イイ旅九州5つ星ホテルの旅',65000,2);
insert into OrderDetail values (14,'TOR000013','博多出張応援パック',18200,2);
insert into OrderDetail values (14,'TOR000014','お部屋限定バリュープライス博多の旅',21000,2);
insert into OrderDetail values (15,'TOR000010','博多グルメ食べつくしツアー',25000,2);
insert into OrderDetail values (15,'TOR000011','博多フリープラン2泊3日の旅',23000,2);
insert into OrderDetail values (15,'TOR000012','イイ旅九州5つ星ホテルの旅',65000,2);
insert into OrderDetail values (15,'TOR000013','博多出張応援パック',18200,2);
insert into OrderDetail values (15,'TOR000014','お部屋限定バリュープライス博多の旅',21000,2);

commit;

